{
  "Andhra Pradesh": ["Visakhapatnam", "Vijayawada", "Guntur", "Nellore", "Kurnool", "Rajahmundry", "Tirupati", "Kakinada"],
  "Arunachal Pradesh": ["Itanagar", "Naharlagun", "Pasighat", "Tawang", "Ziro"],
  "Assam": ["Guwahati", "Silchar", "Dibrugarh", "Jorhat", "Nagaon", "Tinsukia", "Tezpur"],
  "Bihar": ["Patna", "Gaya", "Bhagalpur", "Muzaffarpur", "Purnia", "Darbhanga", "Bihar Sharif"],
  "Chhattisgarh": ["Raipur", "Bhilai", "Bilaspur", "Korba", "Durg", "Rajnandgaon"],
  "Goa": ["Panaji", "Margao", "Vasco da Gama", "Mapusa", "Ponda"],
  "Gujarat": ["Ahmedabad", "Surat", "Vadodara", "Rajkot", "Bhavnagar", "Jamnagar", "Gandhinagar", "Junagadh"],
  "Haryana": ["Faridabad", "Gurgaon", "Panipat", "Ambala", "Yamunanagar", "Rohtak", "Hisar", "Karnal"],
  "Himachal Pradesh": ["Shimla", "Mandi", "Solan", "Dharamshala", "Kullu", "Manali", "Hamirpur"],
  "Jharkhand": ["Ranchi", "Jamshedpur", "Dhanbad", "Bokaro", "Deoghar", "Hazaribagh"],
  "Karnataka": ["Bangalore", "Mysore", "Hubli", "Mangalore", "Belgaum", "Gulbarga", "Davangere", "Bellary"],
  "Kerala": ["Thiruvananthapuram", "Kochi", "Kozhikode", "Thrissur", "Kollam", "Palakkad", "Alappuzha", "Kannur"],
  "Madhya Pradesh": ["Bhopal", "Indore", "Jabalpur", "Gwalior", "Ujjain", "Sagar", "Dewas", "Satna"],
  "Maharashtra": ["Mumbai", "Pune", "Nagpur", "Thane", "Nashik", "Aurangabad", "Solapur", "Kolhapur", "Amravati"],
  "Manipur": ["Imphal", "Thoubal", "Bishnupur", "Churachandpur"],
  "Meghalaya": ["Shillong", "Tura", "Nongstoin", "Jowai"],
  "Mizoram": ["Aizawl", "Lunglei", "Champhai", "Serchhip"],
  "Nagaland": ["Kohima", "Dimapur", "Mokokchung", "Tuensang"],
  "Odisha": ["Bhubaneswar", "Cuttack", "Rourkela", "Berhampur", "Sambalpur", "Puri", "Balasore"],
  "Punjab": ["Ludhiana", "Amritsar", "Jalandhar", "Patiala", "Bathinda", "Mohali", "Hoshiarpur"],
  "Rajasthan": ["Jaipur", "Jodhpur", "Kota", "Bikaner", "Ajmer", "Udaipur", "Bhilwara", "Alwar"],
  "Sikkim": ["Gangtok", "Namchi", "Geyzing", "Mangan"],
  "Tamil Nadu": ["Chennai", "Coimbatore", "Madurai", "Tiruchirappalli", "Salem", "Tirunelveli", "Tiruppur", "Vellore"],
  "Telangana": ["Hyderabad", "Warangal", "Nizamabad", "Khammam", "Karimnagar", "Mahbubnagar"],
  "Tripura": ["Agartala", "Dharmanagar", "Udaipur", "Kailashahar"],
  "Uttar Pradesh": ["Lucknow", "Kanpur", "Ghaziabad", "Agra", "Varanasi", "Meerut", "Allahabad", "Bareilly", "Noida"],
  "Uttarakhand": ["Dehradun", "Haridwar", "Roorkee", "Haldwani", "Rudrapur", "Kashipur"],
  "West Bengal": ["Kolkata", "Asansol", "Siliguri", "Durgapur", "Bardhaman", "Malda", "Baharampur"],
  "Andaman and Nicobar Islands": ["Port Blair"],
  "Chandigarh": ["Chandigarh"],
  "Dadra and Nagar Haveli and Daman and Diu": ["Daman", "Diu", "Silvassa"],
  "Delhi": ["New Delhi", "Delhi", "Dwarka", "Rohini", "Saket"],
  "Jammu and Kashmir": ["Srinagar", "Jammu", "Anantnag", "Baramulla", "Udhampur"],
  "Ladakh": ["Leh", "Kargil"],
  "Lakshadweep": ["Kavaratti"],
  "Puducherry": ["Puducherry", "Karaikal", "Mahe", "Yanam"]
}
